school_name,store_page
Ambler Primary School and Children's Centre,https://directschoolwear.co.uk/find-my-school/primary-schools/ambler-primary-school-and-children-s-centre.html
Borden Primary School,https://directschoolwear.co.uk/find-my-school/primary-schools/borden-primary-school.html
Canonbury Primary School,https://directschoolwear.co.uk/find-my-school/primary-schools/canonbury-primary-school.html
Christ The King Primary School,https://directschoolwear.co.uk/find-my-school/primary-schools/christ-the-king-primary-school.html
City of London Primary Academy Islington,https://directschoolwear.co.uk/find-my-school/primary-schools/city-of-london-primary-academy-islington.html
Dubmire Primary School,https://directschoolwear.co.uk/find-my-school/primary-schools/dubmire-primary-school.html
Gillespie Primary School,https://directschoolwear.co.uk/find-my-school/primary-schools/gillespie-primary-school.html
Glebe Primary School,https://directschoolwear.co.uk/find-my-school/primary-schools/glebe-primary-school.html
Hargrave Park Primary School,https://directschoolwear.co.uk/find-my-school/primary-schools/hargrave-park-primary-school.html
Highbury Quadrant Primary School,https://directschoolwear.co.uk/find-my-school/primary-schools/highbury-quadrant-primary-school.html
Hugh Myddelton Primary School,https://directschoolwear.co.uk/find-my-school/primary-schools/hugh-myddelton-primary-school.html
Ickburgh School - Primary Stage,https://directschoolwear.co.uk/find-my-school/primary-schools/ickburgh-school-primary-stage.html
Kaleidoscope School,https://directschoolwear.co.uk/find-my-school/primary-schools/kaleidoscope-school.html
Kidszone Day Nursey,https://directschoolwear.co.uk/find-my-school/primary-schools/kidszone-day-nursey.html
Laycock Primary School,https://directschoolwear.co.uk/find-my-school/primary-schools/laycock-primary-school.html
Milford Infant School,https://directschoolwear.co.uk/find-my-school/primary-schools/milford-infant-school.html
MORA Primary School,https://directschoolwear.co.uk/find-my-school/primary-schools/mora-primary-school.html
New North Academy,https://directschoolwear.co.uk/find-my-school/primary-schools/new-north-academy.html
Princess May Primary School,https://directschoolwear.co.uk/find-my-school/primary-schools/princess-may-primary-school.html
Redbourn Park School,https://directschoolwear.co.uk/find-my-school/primary-schools/redbourn-park-school.html
Robert Blair Primary School,https://directschoolwear.co.uk/find-my-school/primary-schools/robert-blair-primary-school.html
Rotherfield Primary School,https://directschoolwear.co.uk/find-my-school/primary-schools/rotherfield-primary-school.html
Sacred Heart Primary School,https://directschoolwear.co.uk/find-my-school/primary-schools/sacred-heart-primary-school.html
Samuel Rhodes School,https://directschoolwear.co.uk/find-my-school/primary-schools/samuel-rhodes-school.html
St Andrew's Primary School,https://directschoolwear.co.uk/find-my-school/primary-schools/st-andrew-s-primary-school.html
St Ives Primary School,https://directschoolwear.co.uk/find-my-school/primary-schools/st-ives-primary-school.html
St John Evangelist Primary School,https://directschoolwear.co.uk/find-my-school/primary-schools/st-john-evangelist-primary-school.html
St John of Jerusalem CofE Primary School,https://directschoolwear.co.uk/find-my-school/primary-schools/st-john-of-jerusalem-cofe-primary-school.html
St Joseph's Primary School,https://directschoolwear.co.uk/find-my-school/primary-schools/st-joseph-s-covent-garden-primary-school.html
St Mary's Church of England Primary School Uniform,https://directschoolwear.co.uk/find-my-school/primary-schools/st-mary-s-church-of-england-primary-school-uniform.html
St Mary Magdalene Primary School,https://directschoolwear.co.uk/find-my-school/primary-schools/st-mary-magdalene-primary-school.html
St Patrick's Primary School,https://directschoolwear.co.uk/find-my-school/primary-schools/st-patrick-s-primary-school.html
St Peter & St Paul Primary School,https://directschoolwear.co.uk/find-my-school/primary-schools/st-peter-st-paul-primary-school.html
Violin with Helen - Junior Students,https://directschoolwear.co.uk/find-my-school/primary-schools/violin-with-helen-junior.html
Vittoria Primary School,https://directschoolwear.co.uk/find-my-school/primary-schools/vittoria-primary-school.html
Winton Primary School,https://directschoolwear.co.uk/find-my-school/primary-schools/winton-primary-school.html
Ansford Academy - Boys,https://directschoolwear.co.uk/find-my-school/uk-secondary-schools/ansford-academy.html
Ansford Academy - Girls,https://directschoolwear.co.uk/find-my-school/uk-secondary-schools/ansford-academy-girls.html
Arts and Media School Islington,https://directschoolwear.co.uk/find-my-school/uk-secondary-schools/islington-arts-and-media-school.html
Beacon High - Boys,https://directschoolwear.co.uk/find-my-school/uk-secondary-schools/beacon-high-boys.html
Beacon High - Girls,https://directschoolwear.co.uk/find-my-school/uk-secondary-schools/beacon-high-girls.html
Cardinal Pole Catholic School - Boys,https://directschoolwear.co.uk/find-my-school/uk-secondary-schools/cardinal-pole-catholic-school-boys.html
Cardinal Pole Catholic School - Girls,https://directschoolwear.co.uk/find-my-school/uk-secondary-schools/cardinal-pole-catholic-school-girls.html
COLAi - Boys,https://directschoolwear.co.uk/find-my-school/uk-secondary-schools/city-of-london-academy-islington-boys.html
COLAi - Girls,https://directschoolwear.co.uk/find-my-school/uk-secondary-schools/city-of-london-academy-islington-girls.html
COLA Highbury Grove - Boys,https://directschoolwear.co.uk/find-my-school/uk-secondary-schools/highbury-grove-boys.html
COLA Highbury Grove - Girls,https://directschoolwear.co.uk/find-my-school/uk-secondary-schools/cola-highbury-grove-girls.html
COLA Highgate Hill - Boys,https://directschoolwear.co.uk/find-my-school/uk-secondary-schools/cola-highgate-hill-boys.html
COLA Highgate Hill - Girls,https://directschoolwear.co.uk/find-my-school/uk-secondary-schools/cola-highgate-hill-girls.html
Elizabeth Garrett Anderson (EGA),https://directschoolwear.co.uk/find-my-school/uk-secondary-schools/elizabeth-garrett-anderson-ega.html
Harmood School,https://directschoolwear.co.uk/find-my-school/uk-secondary-schools/harmood-school.html
Haverstock School - Boys,https://directschoolwear.co.uk/find-my-school/uk-secondary-schools/haverstock-school-boys.html
Haverstock School - Girls,https://directschoolwear.co.uk/find-my-school/uk-secondary-schools/haverstock-school-girls.html
Heath School,https://directschoolwear.co.uk/find-my-school/uk-secondary-schools/heath-school.html
Highbury Fields School,https://directschoolwear.co.uk/find-my-school/uk-secondary-schools/highbury-fields-school.html
Ickburgh School - Secondary Stage,https://directschoolwear.co.uk/find-my-school/uk-secondary-schools/ickburgh-school-secondary-stage.html
Maria Fidelis Catholic School,https://directschoolwear.co.uk/find-my-school/uk-secondary-schools/maria-fidelis-catholic-school.html
Samuel Rhodes Secondary School,https://directschoolwear.co.uk/find-my-school/uk-secondary-schools/samuel-rhodes-secondary-school.html
Skinners Academy - Boys,https://directschoolwear.co.uk/find-my-school/uk-secondary-schools/skinners-academy-boys.html
Skinners Academy - Girls,https://directschoolwear.co.uk/find-my-school/uk-secondary-schools/skinners-academy-girsl.html
St Mary Magdalene Academy - Secondary Boys,https://directschoolwear.co.uk/find-my-school/uk-secondary-schools/st-mary-magdalene-academy-secondary-boys.html
St Mary Magdalene Academy - Secondary Girls,https://directschoolwear.co.uk/find-my-school/uk-secondary-schools/st-mary-magdalene-academy-secondary-girls.html
The Urswick School - Boys,https://directschoolwear.co.uk/find-my-school/uk-secondary-schools/urswick-school-boys.html
The Urswick School - Girls,https://directschoolwear.co.uk/find-my-school/uk-secondary-schools/urswick-school-girls.html
Violin with Helen - Senior Students,https://directschoolwear.co.uk/find-my-school/uk-secondary-schools/violin-with-helen-senior-students.html
Ysgol Gyfun Gwent Is Coed - Boys,https://directschoolwear.co.uk/find-my-school/uk-secondary-schools/ysgol-gyfun-gwent-is-coed-boys.html
Ysgol Gyfun Gwent Is Coed - Girls,https://directschoolwear.co.uk/find-my-school/uk-secondary-schools/ysgol-gyfun-gwent-is-coed-girls.html
Berlin British School - Boys,https://directschoolwear.co.uk/find-my-school/find-my-international-school/berlin-british-school-boys.html
Berlin British School - Girls,https://directschoolwear.co.uk/find-my-school/find-my-international-school/berlin-british-school-girls.html
International School Villa Amalienhof (ISVA) - Boys,https://directschoolwear.co.uk/find-my-school/find-my-international-school/international-school-villa-amalienhof-isva-berlin.html
International School Villa Amalienhof (ISVA) - Girls,https://directschoolwear.co.uk/find-my-school/find-my-international-school/international-school-villa-amalienhof-isva-girls.html
International School Ikast-Brande (ISIB) - Boys,https://directschoolwear.co.uk/find-my-school/find-my-international-school/international-school-ikast-brande-isib.html
International School Ikast-Brande (ISIB) - Girls,https://directschoolwear.co.uk/find-my-school/find-my-international-school/international-school-ikast-brande-isib-girls.html
Jüdische Traditionsschule (JTS) - Boys,https://directschoolwear.co.uk/find-my-school/find-my-international-school/judische-traditionsschule-boys.html
Jüdische Traditionsschule (JTS) - Girls,https://directschoolwear.co.uk/find-my-school/find-my-international-school/judische-traditionsschule-girls.html
New World Early Learning Center,https://directschoolwear.co.uk/find-my-school/find-my-international-school/new-world-early-learning-center.html
