school_name,store_page
Beaumont,https://www.smartschoolwear.co.uk/schools/primary-school/beaumont.html
Bishop Bridgeman ,https://www.smartschoolwear.co.uk/schools/primary-school/bishop-bridgeman.html
Bolton Parish Primary School,https://www.smartschoolwear.co.uk/schools/primary-school/boltonparishprimaryschool.html
Bowness Primary,https://www.smartschoolwear.co.uk/schools/primary-school/bowness-primary.html
Bolton St Catherine's Academy Bolton,https://www.smartschoolwear.co.uk/schools/primary-school/bolton-st-catherine-s-academy-bolton.html
Brownlow Fold,https://www.smartschoolwear.co.uk/schools/primary-school/brownlow-fold.html
Chorley New Road Primary,https://www.smartschoolwear.co.uk/schools/primary-school/chorley-new-road-primary.html
Church Road,https://www.smartschoolwear.co.uk/schools/primary-school/church-road.html
Devonshire Road,https://www.smartschoolwear.co.uk/schools/primary-school/devonshire-road.html
Eagley Infants,https://www.smartschoolwear.co.uk/schools/primary-school/eagley-infants.html
Eagley Juniors,https://www.smartschoolwear.co.uk/schools/primary-school/eagley-juniors.html
Eatock Primary,https://www.smartschoolwear.co.uk/schools/primary-school/eatock-primary.html
Egerton Primary,https://www.smartschoolwear.co.uk/schools/primary-school/egerton-primary.html
Essa Primary Academy,https://www.smartschoolwear.co.uk/schools/primary-school/essa-primary-academy.html
Ferns Academy,https://www.smartschoolwear.co.uk/schools/primary-school/ferns-academy.html
Glenboig Primary School,https://www.smartschoolwear.co.uk/schools/primary-school/glenboig-primary-school.html
Gaskell Primary,https://www.smartschoolwear.co.uk/schools/primary-school/gaskell-primary.html
Gates Primary School,https://www.smartschoolwear.co.uk/schools/primary-school/gates-primary-school.html
Gorsefield Primary School,https://www.smartschoolwear.co.uk/schools/primary-school/gorsefield-primary-school.html
Gilnow,https://www.smartschoolwear.co.uk/schools/primary-school/gilnow.html
Harwood Meadows,https://www.smartschoolwear.co.uk/schools/primary-school/harwood-meadows.html
Haslam Park,https://www.smartschoolwear.co.uk/schools/primary-school/haslam-park.html
Holy Infant &amp; St Anthony ,https://www.smartschoolwear.co.uk/schools/primary-school/holy-infants.html
Highfield Primary,https://www.smartschoolwear.co.uk/schools/primary-school/highfield-primary.html
High Lawn,https://www.smartschoolwear.co.uk/schools/primary-school/high-lawn.html
Heathfield,https://www.smartschoolwear.co.uk/schools/primary-school/heathfield.html
Ladybridge Primary,https://www.smartschoolwear.co.uk/schools/primary-school/ladybridge-primary.html
Ladywood,https://www.smartschoolwear.co.uk/schools/primary-school/ladywood.html
Lostock Primary,https://www.smartschoolwear.co.uk/schools/primary-school/lostock-primary.html
Lever Edge School,https://www.smartschoolwear.co.uk/schools/primary-school/lever-edge.html
Leverhulme,https://www.smartschoolwear.co.uk/schools/primary-school/leverhulme.html
Markland Hill School,https://www.smartschoolwear.co.uk/schools/primary-school/markland-hill.html
Masefield Primary,https://www.smartschoolwear.co.uk/schools/primary-school/masefield-primary.html
Moorgate,https://www.smartschoolwear.co.uk/schools/primary-school/moorgate.html
Olive Tree Primary,https://www.smartschoolwear.co.uk/schools/primary-school/olive-tree-primary.html
Oxford Grove,https://www.smartschoolwear.co.uk/schools/primary-school/oxford-grove.html
Pikes Lane,https://www.smartschoolwear.co.uk/schools/primary-school/pikes-lane.html
Red Lane Primary School,https://www.smartschoolwear.co.uk/schools/primary-school/redlane-primary.html
Sacred Heart Primary School,https://www.smartschoolwear.co.uk/schools/primary-school/sacred-heart-primary-school.html
Sharples Primary,https://www.smartschoolwear.co.uk/schools/primary-school/sharples-primary.html
Spindle Point,https://www.smartschoolwear.co.uk/schools/primary-school/spindle-point.html
Ss Simon &amp; Jude,https://www.smartschoolwear.co.uk/schools/primary-school/ss-simon-jude.html
St Andrew's Primary,https://www.smartschoolwear.co.uk/schools/primary-school/st-andrew-s-primary.html
St Bartholomew's C of E Primary,https://www.smartschoolwear.co.uk/schools/primary-school/st-bartholomew-s-c-of-e-primary.html
St Bede Academy,https://www.smartschoolwear.co.uk/schools/primary-school/st-bede.html
St Bernard's RC Primary School,https://www.smartschoolwear.co.uk/schools/primary-school/st-bernard-s-rc-primary-school.html
St Columba's R C Primary School,https://www.smartschoolwear.co.uk/schools/primary-school/st-columba-s-r-c-primary-school.html
St Ethelbert's RC Primary School,https://www.smartschoolwear.co.uk/schools/primary-school/st-ethelbert-s-rc-primary-school.html
St George's C of E Primary ,https://www.smartschoolwear.co.uk/schools/primary-school/st-george-s-c-of-e-primary.html
St James C.E Primary School,https://www.smartschoolwear.co.uk/schools/primary-school/st-james.html
St James (Daisy Hill) CE Primary,https://www.smartschoolwear.co.uk/schools/primary-school/st-james-daisy-hill-ce-primary.html
St Joseph's Primary,https://www.smartschoolwear.co.uk/schools/primary-school/st-joseph-s-primary.html
St Michaels,https://www.smartschoolwear.co.uk/schools/primary-school/st-michaels.html
St. Matthews,https://www.smartschoolwear.co.uk/schools/primary-school/st-matthews.html
St Maxentius Primary,https://www.smartschoolwear.co.uk/schools/primary-school/st-maxentius-primary.html
SS Osmund and Andrew's R.C. Primary School,https://www.smartschoolwear.co.uk/schools/primary-school/ss-osmunds-andrews.html
St Pauls,https://www.smartschoolwear.co.uk/schools/primary-school/st-pauls.html
St Stephen &amp; All Martyrs’ C of E Primary School,https://www.smartschoolwear.co.uk/schools/primary-school/st-stephens.html
St Thomas' CE,https://www.smartschoolwear.co.uk/schools/primary-school/st-thomas-ce.html
St Thomas Chequerbent&nbsp;Primary,https://www.smartschoolwear.co.uk/schools/primary-school/st-thomas-chequerbent-primary.html
St Thomas CofE Primary School,https://www.smartschoolwear.co.uk/schools/primary-school/st-thomas-cofe-primary-school.html
St Williams,https://www.smartschoolwear.co.uk/schools/primary-school/st-williams.html
St William Of York,https://www.smartschoolwear.co.uk/schools/primary-school/st-william-of-york.html
Sunning Hill,https://www.smartschoolwear.co.uk/schools/primary-school/sunning-hill.html
The Gates Primary School,https://www.smartschoolwear.co.uk/schools/primary-school/the-gates-primary-school.html
The Oaks,https://www.smartschoolwear.co.uk/schools/primary-school/the-oaks.html
Tonge Moor,https://www.smartschoolwear.co.uk/schools/primary-school/tonge-moor.html
Valley Community,https://www.smartschoolwear.co.uk/schools/primary-school/valley-community.html
Walmsley Primary,https://www.smartschoolwear.co.uk/schools/primary-school/walmsley-primary.html
Washacre Primary School,https://www.smartschoolwear.co.uk/schools/primary-school/washacre-primary-school.html
