school_name,store_page
Abbey Mead Primary Academy,https://www.uniform-direct.com/acatalog/Abbey-Mead-Primary-Academy.html
Alvaston Infant and Nursery School,https://www.uniform-direct.com/acatalog/Alvaston-Infant-and-Nursery-School.html
All Saints Academy Waddington,https://www.uniform-direct.com/acatalog/All_Saints_Primary_School.html
Arksey Primary School,https://www.uniform-direct.com/acatalog/Arksey-Primary-School.html
Ashgate Primary School,https://www.uniform-direct.com/acatalog/Ashgate-Primary-School.html
Ashwood Spencer Academy,https://www.uniform-direct.com/acatalog/Ashwood-Spencer-Academy.html
Aston-On-Trent Primary School,https://www.uniform-direct.com/acatalog/Aston-On-Trent-Primary-School.html
Barlestone Church of England Primary School,https://www.uniform-direct.com/acatalog/Barlestone-Church-of-England-Primary-School-Uniform.html
Barley Croft Primary School,https://www.uniform-direct.com/acatalog/Barleycroft-Primary-School.html
Bassingham Primary School,https://www.uniform-direct.com/acatalog/Bassingham-Primary-School.html
Beaumont Lodge Primary School,https://www.uniform-direct.com/acatalog/Beaumont-Lodge-Primary-School.html
Beckingham Primary School,https://www.uniform-direct.com/acatalog/Beckingham-Primary-School-Uniform.html
Belgrave St Peters C of E Primary School,https://www.uniform-direct.com/acatalog/Belgrave-St-Peters-C-of-E-Primary-School-Uniform.html
Bemrose Primary School,https://www.uniform-direct.com/acatalog/Bemrose-Primary-School.html
Benjamin Adlard Primary School,https://www.uniform-direct.com/acatalog/Benjamin-Adlard-Primary-School.html
Billesdon C of E Primary School,https://www.uniform-direct.com/acatalog/Billesdon-C-of-E-Primary-School.html
Birklands Primary School,https://www.uniform-direct.com/acatalog/Birklands-Primary-School.html
Bishop Ellis Catholic Primary School,https://www.uniform-direct.com/acatalog/Bishop-Ellis-Catholic-Primary-School.html
Bishop King School,https://www.uniform-direct.com/acatalog/Bishop_King.html
Bishop Lonsdale C of E Aided Primary School,https://www.uniform-direct.com/acatalog/Bishop-Lonsdale-C-of-E-Aided-Primary-School.html
Blackditch Bunnies Pre-School,https://www.uniform-direct.com/acatalog/Blackditch-Bunnies-Pre-School-Uniform.html
Blyton Cum Laughton C of E School,https://www.uniform-direct.com/acatalog/Blyton-Cum-Laughton-C-of-E-School.html
Bracebridge Infant and Nursery School,https://www.uniform-direct.com/acatalog/Bracebridge-Infant-and-Nursery-School.html
Branston CofE Infant Academy,https://www.uniform-direct.com/acatalog/Branston-CofE-Infant-Academy.html
Branston Junior Academy,https://www.uniform-direct.com/acatalog/Branston-Junior-Academy.html
Braunstone Frith Primary Academy,https://www.uniform-direct.com/acatalog/Braunstone-Frith-Primary-School.html
Brookfield Primary School,https://www.uniform-direct.com/acatalog/Brookfield-Primary-School.html
Bottesford Infant School and Nursery,https://www.uniform-direct.com/acatalog/Bottesford-Infant-School-and-Nursery.html
Bursar Primary Academy,https://www.uniform-direct.com/acatalog/Bursar-Primary-Academy.html
Buswells Lodge Primary School,https://www.uniform-direct.com/acatalog/Buswells-Lodge-Primary-School.html
Caistor C of E Methodist Primary School,https://www.uniform-direct.com/acatalog/Caistor-C-of-E-Methodist-Primary-School.html
The Canon Peter Hall CofE Primary School,https://www.uniform-direct.com/acatalog/The-Canon-Peter-Hall-CofE-Primary-School.html
Castleward Spencer Academy,https://www.uniform-direct.com/acatalog/Castleward-Spencer-Academy.html
Castle Wood Academy,https://www.uniform-direct.com/acatalog/Castle-Wood-Academy.html
Catherine Junior School,https://www.uniform-direct.com/acatalog/Catherine-Junior-School.html
Chestnut Street CofE Primary Academy,https://www.uniform-direct.com/acatalog/Chestnut_Street_CofE_Primary_School__.html
Chellaston Fields Spencer Academy,https://www.uniform-direct.com/acatalog/Chellaston-Fields-Spencer-Academy.html
Chellaston Infants School,https://www.uniform-direct.com/acatalog/Chellaston-Infants-School.html
Chellaston Junior School,https://www.uniform-direct.com/acatalog/Chellaston-Junior-School.html
Christ Church C of E Primary School,https://www.uniform-direct.com/acatalog/Christ-Church-C-of-E-Primary-School.html
Christ The King Catholic Primary School,https://www.uniform-direct.com/acatalog/Christ-The-King-Catholic-Primary-School.html
Clarborough Primary School,https://www.uniform-direct.com/acatalog/Clarborough-Primary-School.html
Claypole C of E Primary School,https://www.uniform-direct.com/acatalog/Claypole-C-Of-E-Primary-School.html
Clover Leys Spencer Academy,https://www.uniform-direct.com/acatalog/Clover-Leys-Spencer-Academy.html
Coomb Briggs Primary Academy,https://www.uniform-direct.com/acatalog/Coomb_Briggs.html
Corringham CE Primary School,https://www.uniform-direct.com/acatalog/Corringham-CE-Primary-School.html
Cottesmore Academy,https://www.uniform-direct.com/acatalog/Cottesmore-Millfield-Academy.html
The Craylands School,https://www.uniform-direct.com/acatalog/Craylands-Primary-School.html
Delapre Primary School,https://www.uniform-direct.com/acatalog/Delapre-Primary-School-Uniform.html
Digby Church of England (C of E) Primary School,https://www.uniform-direct.com/acatalog/Digby_Church_of_England__C_of_E__Primary_School.html
Dunholme St Chad's Church of England Primary School,https://www.uniform-direct.com/acatalog/Dunholme-St-Chad-s-Church-of-England-Primary-School.html
Dunston St Peters C of E Primary School,https://www.uniform-direct.com/acatalog/Dunston-St-Peters-C-of-E-Primary-School.html
Eagle Community Primary School,https://www.uniform-direct.com/acatalog/Eagle_Community_Primary_School.html
Eastfield Primary Academy,https://www.uniform-direct.com/acatalog/Eastfield-Primary-Academy.html
East Ravendale C of E Primary School,https://www.uniform-direct.com/acatalog/East_Ravendale_CofE_Primary_School.html
Ellison Boulters C of E Academy,https://www.uniform-direct.com/acatalog/Ellison-Boulters-C-of-E-Academy.html
Elliston Primary Academy,https://www.uniform-direct.com/acatalog/Elliston-Academy.html
Enfield Academy of New Waltham,https://www.uniform-direct.com/acatalog/Enfield-Academy.html
Ermine Primary Academy,https://www.uniform-direct.com/acatalog/Ermine_Primary_School.html
Evington Valley Primary School,https://www.uniform-direct.com/acatalog/Evington-Valley-Primary-School.html
Fairfield Academy,https://www.uniform-direct.com/acatalog/Fairfield-Academy.html
Falcons Primary School,https://www.uniform-direct.com/acatalog/Falcons-Primary-School.html
Findern Primary School,https://www.uniform-direct.com/acatalog/Findern-Primary-School.html
Fiskerton C of E Primary School,https://www.uniform-direct.com/acatalog/Fiskerton-C-of-E-Primary-School-Uniform.html
Forest Lodge Academy,https://www.uniform-direct.com/acatalog/Forest-Lodge-Primary-School.html
Forest Skies School,https://www.uniform-direct.com/acatalog/Forest-Skies-School-Uniform.html
Fortuna School,https://www.uniform-direct.com/acatalog/Fortuna-School.html
Fosse Mead Primary Academy,https://www.uniform-direct.com/acatalog/Fosse-Mead-Primary-Academy.html
Fosse Way Academy,https://www.uniform-direct.com/acatalog/Fosse-Way-Academy.html
Frances Olive Anderson C of EA Primary School,https://www.uniform-direct.com/acatalog/Olive-Anderson-C-of-E-Primary-School.html
The Gainsborough Charles Baines Community Primary School,https://www.uniform-direct.com/acatalog/The-Gainsborough-Charles-Baines-Community-Primary-School.html
Gayton Junior School,https://www.uniform-direct.com/acatalog/Gayton-Junior-School.html
Glebelands Primary School,https://www.uniform-direct.com/acatalog/Glebelands-Primary-School.html
Glen Hills Primary School,https://www.uniform-direct.com/acatalog/Glen-Hills-Primary-School.html
Goddard Park Community Primary School,https://www.uniform-direct.com/acatalog/Goddard-Park-Community-Primary-School.html
The Grange Academy,https://www.uniform-direct.com/acatalog/The-Grange-Academy.html
Grange Primary School,https://www.uniform-direct.com/acatalog/Grange-Primary-School.html
Grant Thorold Forest School,https://www.uniform-direct.com/acatalog/Grant-Thorold-Forest-School.html
The Grasby All Saints C of E Primary School,https://www.uniform-direct.com/acatalog/The-Grasby-All-Saints-C-of-E-Primary-School.html
Great Coates Primary School,https://www.uniform-direct.com/acatalog/Great-Coates-Primary-School.html
Griffe Field Primary School,https://www.uniform-direct.com/acatalog/Griffe-Field-Primary-School.html
Hackthorn CE Primary School,https://www.uniform-direct.com/acatalog/Hackthorn-CE-Primary-School.html
The Hall School,https://www.uniform-direct.com/acatalog/The-Hall-School.html
Handel House Preparatory School,https://www.uniform-direct.com/acatalog/Handel-House-Preparatory-School.html
Harpole Day Nursery,https://www.uniform-direct.com/acatalog/Harpole-Day-Nursery.html
Harrington Hill Primary School,https://www.uniform-direct.com/acatalog/Harrington-Hill-Primary-School.html
Hartsholme Academy,https://www.uniform-direct.com/acatalog/Hartsholme.html
Haxey CofE Primary School,https://www.uniform-direct.com/acatalog/Haxey-CofE-Primary-School.html
Hazel Community Primary School,https://www.uniform-direct.com/acatalog/Hazel-Community-Primary-School.html
Healing Primary Academy,https://www.uniform-direct.com/acatalog/Healing-Primary-School.html
Heatherbrook Primary Academy,https://www.uniform-direct.com/acatalog/Heatherbrook-Primary-Academy-Uniform.html
Heighington Millfield Primary Academy,https://www.uniform-direct.com/acatalog/Heighington-Millfield-Primary-Academy.html
Helpringham Primary School,https://www.uniform-direct.com/acatalog/Helpringham-Primary-School.html
Hemswell Cliff Primary School,https://www.uniform-direct.com/acatalog/Hemswell-Cliff-Primary-School.html
Herrick Primary School,https://www.uniform-direct.com/acatalog/Herrick-Primary-School.html
Highfields Spencer Academy,https://www.uniform-direct.com/acatalog/Highfields-Spencer-Academy-School-Uniform.html
The Gainsborough Hillcrest Early Years Academy,https://www.uniform-direct.com/acatalog/The-Gainsborough-Hillcrest-Early-Years-Academy.html
Holt Primary School,https://www.uniform-direct.com/acatalog/Holt_Primary_School__.html
Holy Cross Catholic Primary School,https://www.uniform-direct.com/acatalog/Holy-Cross-Catholic-Primary-School.html
Humberstone Infant Academy,https://www.uniform-direct.com/acatalog/Humberstone-Infant-Academy.html
Humberstone Junior Academy,https://www.uniform-direct.com/acatalog/Humberstone-Junior-Academy.html
Humberston Cloverfields Primary School,https://www.uniform-direct.com/acatalog/Humberston_Cloverfields_Primary_School__.html
Humberston CofE Primary School,https://www.uniform-direct.com/acatalog/Humberston_CofE_Primary_School.html
Humberston Pre-School,https://www.uniform-direct.com/acatalog/Humberston-Pre-School.html
Huntingtower CP Academy,https://www.uniform-direct.com/acatalog/Huntingtower-CP-Academy.html
Huttoft Primary and Nursery School,https://www.uniform-direct.com/acatalog/Huttoft-Primary-and-Nursery-School.html
Ingham Primary School,https://www.uniform-direct.com/acatalog/Ingham-Primary-School.html
Inkersall Spencer Academy,https://www.uniform-direct.com/acatalog/Inkersall-Primary-School.html
Keelby Primary School,https://www.uniform-direct.com/acatalog/Keelby-Primary-School.html
Kidgate Primary Academy,https://www.uniform-direct.com/acatalog/Kidgate-Primary-Academy.html
Kingsdown Nursery School,https://www.uniform-direct.com/acatalog/Kingsdown-Nursery-School.html
King Richard III Infant & Nursery School,https://www.uniform-direct.com/acatalog/King-Richard-III-Infant---Nursery-School.html
Kirk Langley Primary School,https://www.uniform-direct.com/acatalog/Kirk-Langley-Primary-School.html
Kirkby La Thorpe CE Primary Academy,https://www.uniform-direct.com/acatalog/Kirkby-La-Thorpe-CE-Primary-School.html
Kirton Lindsey Primary School,https://www.uniform-direct.com/acatalog/Kirton-Lindsey-Primary-School-Uniform.html
Knighton Mead Primary Academy,https://www.uniform-direct.com/acatalog/Knighton-Mead-Primary-Academy.html
Laceby Acres Primary Academy,https://www.uniform-direct.com/acatalog/Laceby-Acres-Primary-Academy.html
Langham Village School,https://www.uniform-direct.com/acatalog/Langham-Village-School.html
"The Latimer Primary School, Anstey",https://www.uniform-direct.com/acatalog/The-Latimer-Primary-School--Anstey.html
Lawn Primary School,https://www.uniform-direct.com/acatalog/Lawn-Primary-School.html
Leslie Manser Primary School,https://www.uniform-direct.com/acatalog/Leslie_Manser_Primary_School.html
Leverton C of E Academy,https://www.uniform-direct.com/acatalog/Leverton-C-of-E-Academy.html
Lincoln Carlton Academy,https://www.uniform-direct.com/acatalog/Lincoln-Carlton-Academy.html
The Linden Academy,https://www.uniform-direct.com/acatalog/The-Linden-Academy.html
Linden Primary School,https://www.uniform-direct.com/acatalog/Linden-Primary-School.html
Ling Moor Primary Academy,https://www.uniform-direct.com/acatalog/Ling-Moor-Primary-Academy.html
Lisle Marsden C of E Primary Academy,https://www.uniform-direct.com/acatalog/Lisle_Marsden_CofE_Primary_School__.html
Little Houghton Day Nursery,https://www.uniform-direct.com/acatalog/Little-Houghton-Day-Nursery.html
Little Owls Nursery,https://www.uniform-direct.com/acatalog/Little-Owls-Nursery.html
Littlecoates Primary Academy,https://www.uniform-direct.com/acatalog/Littlecoates-Primary-Academy.html
Macaulay Primary Academy,https://www.uniform-direct.com/acatalog/Macaulay_Primary_School.html
Manor Leas Infant School,https://www.uniform-direct.com/acatalog/Manor_Leas_Infant_School__.html
Manor Leas Junior Academy,https://www.uniform-direct.com/acatalog/Manor_Leas_Junior_School__.html
Mattersey Primary School,https://www.uniform-direct.com/acatalog/Mattersey-Primary-School.html
Meadowdale Primary Academy,https://www.uniform-direct.com/acatalog/Meadowdale-Primary-Academy-School-Uniform.html
Medway Community Primary School,https://www.uniform-direct.com/acatalog/Medway-Community-Primary-School.html
Mellor Community Primary School,https://www.uniform-direct.com/acatalog/Mellor-Community-Primary-School.html
Mercers Wood Academy,https://www.uniform-direct.com/acatalog/Mercers-Wood-Academy.html
Metheringham Primary School,https://www.uniform-direct.com/acatalog/Metheringham_Primary_School.html
Mickleover Primary School,https://www.uniform-direct.com/acatalog/Mickleover-Primary-School.html
Monks Abbey Primary School,https://www.uniform-direct.com/acatalog/Monks-Abbey.html
Montrose School,https://www.uniform-direct.com/acatalog/Montrose-School.html
Morton Trentside Primary School,https://www.uniform-direct.com/acatalog/Morton-Trentside-Primary-School.html
Mount Street Academy,https://www.uniform-direct.com/acatalog/Mount-Street-Academy.html
Mrs Mary King's C of E Primary School,https://www.uniform-direct.com/acatalog/Mrs-Mary-Kings.html
Muxton Primary School,https://www.uniform-direct.com/acatalog/Muxton-Primary-School.html
The Nettleham Infant School,https://www.uniform-direct.com/acatalog/The-Nettleham-Infant-School.html
The Nettleham Nursery,https://www.uniform-direct.com/acatalog/The-Nettleham-Nursery.html
Nettleham C of E Aided Junior School,https://www.uniform-direct.com/acatalog/Nettleham-C-of-E-Junior-School.html
Newtown Linford Primary School,https://www.uniform-direct.com/acatalog/School_Uniform_Shop_Newtown_Linford_Primary_School_3514.html
Nocton Community Primary School,https://www.uniform-direct.com/acatalog/Nocton-Community-Primary-School.html
Normanby by Spital Primary School,https://www.uniform-direct.com/acatalog/Normanby-by-Spital-Primary-School.html
North Scarle Primary School,https://www.uniform-direct.com/acatalog/North-Scarle-Primary-School.html
Oakwood Infant and Nursery School,https://www.uniform-direct.com/acatalog/Oakwood-Infants.html
Oakwood Junior School,https://www.uniform-direct.com/acatalog/Oakwood-Junior-School.html
Oasis Nunsthorpe Academy,https://www.uniform-direct.com/acatalog/Nunsthorpe_Community_School__.html
Oasis Academy Parkwood,https://www.uniform-direct.com/acatalog/Oasis-Academy-Parkwood.html
Old Clee Primary School,https://www.uniform-direct.com/acatalog/Old-Clee-Primary-School.html
Our Lady of Lincoln Catholic Primary School,https://www.uniform-direct.com/acatalog/Our_Lady_s.html
Oxley Primary School,https://www.uniform-direct.com/acatalog/Oxley-Primary-School.html
Papermoon Day Nursery,https://www.uniform-direct.com/acatalog/Papermoon-Day-Nursery.html
Parish Church Primary School,https://www.uniform-direct.com/acatalog/Parish-Church-Primary-School.html
Pear Tree Infant School,https://www.uniform-direct.com/acatalog/Pear-Tree-Infant-School.html
Penfold Nursery,https://www.uniform-direct.com/acatalog/Penfold-Nursery.html
Perfect Start Nursery,https://www.uniform-direct.com/acatalog/Perfect-Start-Nursery.html
Pilgrim Academy,https://www.uniform-direct.com/acatalog/Pilgrim-Academy.html
Pollyplatt Primary School,https://www.uniform-direct.com/acatalog/Pollyplatt-Primary-School.html
Priory Witham Academy,https://www.uniform-direct.com/acatalog/The-Priory-Witham-Academy.html
Queen Eleanor Primary School,https://www.uniform-direct.com/acatalog/Queen_Eleanor_Primary_School__.html
Queen Mary Avenue Infant School,https://www.uniform-direct.com/acatalog/Queen-Mary-Avenue-Infant-School.html
Queensmead Primary Academy,https://www.uniform-direct.com/acatalog/Queensmead-Primary-Academy-Uniform.html
Rainbows Pre School,https://www.uniform-direct.com/acatalog/Rainbows-Pre-School.html
Ranskill Primary School,https://www.uniform-direct.com/acatalog/Ranskill-Primary-School.html
Ravensdale Infant & Nursery School,https://www.uniform-direct.com/acatalog/Ravensdale-Infant---Nursery-and-Junior-School-.html
Ravensdale Junior School,https://www.uniform-direct.com/acatalog/Ravensdale-Junior-School.html
Ravensden Primary Academy,https://www.uniform-direct.com/acatalog/Ravensden-Primary-School.html
Ravenhurst Primary School,https://www.uniform-direct.com/acatalog/Ravenhurst_Primary_School.html
Ratby Primary School,https://www.uniform-direct.com/acatalog/Ratby_Primary_School.html
Redwood Primary School,https://www.uniform-direct.com/acatalog/Redwood-Primary-School.html
Reepham CE Primary School,https://www.uniform-direct.com/acatalog/Reepham-CE-Primary-School-Uniform.html
Reynolds Academy,https://www.uniform-direct.com/acatalog/Reynolds-Academy.html
Rolleston Primary School,https://www.uniform-direct.com/acatalog/Rolleston-Primary-School.html
Rowlatts Mead Primary Academy,https://www.uniform-direct.com/acatalog/Rowlatts-Hill-Primary-Academy.html
The Rushmere Park Academy - Early Years,https://www.uniform-direct.com/acatalog/The-Rushmere-Park-Academy.html
The Rushmere Park Academy - KS1 & KS2,https://www.uniform-direct.com/acatalog/The-Rushmere-Park-Academy---KS1---KS2.html
Saint Albans Catholic Primary School,https://www.uniform-direct.com/acatalog/Saint-Albans-Catholic-Primary-School.html
Sandfield Close Primary School,https://www.uniform-direct.com/acatalog/Sandfield-Close-Primary-School.html
Saxilby C of E Primary School,https://www.uniform-direct.com/acatalog/Saxilby-C-of-E-Primary-School.html
Scampton C of E Primary School,https://www.uniform-direct.com/acatalog/Scampton-C-of-E-Primary-School.html
Scotter Primary School,https://www.uniform-direct.com/acatalog/Scotter-Primary-School.html
Shelton Infant School,https://www.uniform-direct.com/acatalog/Shelton-Infant-School.html
Shelton Junior School,https://www.uniform-direct.com/acatalog/Shelton-Junior-School.html
Signhills Infant,https://www.uniform-direct.com/acatalog/Signhills-Infant.html
Signhills Academy,https://www.uniform-direct.com/acatalog/Signhills-Academy.html
Silverhill Primary School,https://www.uniform-direct.com/acatalog/Silverhill-Primary-School.html
Sir Francis Hill Community Primary School,https://www.uniform-direct.com/acatalog/Sir_Francis_Hill_Community_Primary_School__.html
Ormiston South Parade Academy,https://www.uniform-direct.com/acatalog/South_Parade_Primary_School__.html
Stanford Junior and Infant School,https://www.uniform-direct.com/acatalog/Stanford-Junior-and-Infant-School.html
Saint Mary's RC Primary Academy,https://www.uniform-direct.com/acatalog/Boston-St-Mary-s-RC-Primary-School.html
St Barnabas C of E Primary School Barnetby,https://www.uniform-direct.com/acatalog/St-Barnabas-C-of-E-Primary-School.html
St Barnabas C of E Primary School Leicester,https://www.uniform-direct.com/acatalog/St-Barnabas-C-of-E-Primary-School-Leicester.html
St Chad's CofE Nursery and Infant School,https://www.uniform-direct.com/acatalog/St-Chad-s-CofE-Nursery-and-Infant-School.html
St Faith and St Martin CofE Junior School,https://www.uniform-direct.com/acatalog/St_Faith_and_St_Martin_CofE_Junior_School.html
St Faiths C of E Infant School,https://www.uniform-direct.com/acatalog/St_Faiths_CofE_Infant_School__.html
St George's Catholic Academy,https://www.uniform-direct.com/acatalog/St-George-s-Catholic-Academy.html
St George's Primary School,https://www.uniform-direct.com/acatalog/St-George-s-Primary-School.html
St Giles Academy,https://www.uniform-direct.com/acatalog/Saint-Giles-Academy-lincoln-School-Uniform.html
St Hugh's Catholic Primary School,https://www.uniform-direct.com/acatalog/St_Hughes.html
St James C of E School,https://www.uniform-direct.com/acatalog/St-James-C-of-E-School.html
St Johns Academy,https://www.uniform-direct.com/acatalog/St_Johns_Primary_School__.html
St John Fisher,https://www.uniform-direct.com/acatalog/St-John-Fisher.html
St Josephs Catholic Primary Academy,https://www.uniform-direct.com/acatalog/St-Josephs-Catholic-Primary-Academy-Cleethorpes-School-Uniform.html
St Joseph's Catholic Primary School,https://www.uniform-direct.com/acatalog/St-Joseph-s-Catholic-Primary-School.html
St Marys Catholic Primary School,https://www.uniform-direct.com/acatalog/St_Marys_Catholic_Primary_School__.html
St Marys Fields Primary School,https://www.uniform-direct.com/acatalog/St-Marys-Fields-Primary-School.html
St Michael's C of E Primary School,https://www.uniform-direct.com/acatalog/St-Michael-s-C-of-E-Primary-School.html
St Norbert's Catholic Primary School,https://www.uniform-direct.com/acatalog/St-Norbert-s-Catholic-Primary-School.html
St Peter at Gowts Primary School,https://www.uniform-direct.com/acatalog/St_Peter_at_Gowts_Primary_School__.html
St Peters C of E Junior School,https://www.uniform-direct.com/acatalog/St-Peters-C-of-E-Junior-School.html
"St Peter's C of E Primary School, Cleethorpes",https://www.uniform-direct.com/acatalog/St-Peter-s-C-of-E-Primary-School--Cleethorpes.html
"St Peter's C of E Primary School, Gringley-on-the-Hill",https://www.uniform-direct.com/acatalog/St-Peter-s-C-of-E-Primary-School--Gringley-on-the-Hill.html
St Peter & St Paul C of E Primary School,https://www.uniform-direct.com/acatalog/St-Peter-and-St-Paul-C-of-E-Primary-School-Uniform.html
Stallingborough Church of England Primary School,https://www.uniform-direct.com/acatalog/Stallingborough-Church-of-England-Primary-School.html
Stanton Harcourt CE Primary School,https://www.uniform-direct.com/acatalog/Stanton_Harcourt_CE_Primary_School.html
Stenson Fields Community Primary School,https://www.uniform-direct.com/acatalog/Stenson-Fields-Community-Primary-School.html
Strand Primary Academy,https://www.uniform-direct.com/acatalog/Strand-Primary-Academy.html
Sturton Le Steeple C of E Primary School,https://www.uniform-direct.com/acatalog/Sturton-Le-Steeple-C-of-E-Primary-School.html
Sunnyside Spencer Academy,https://www.uniform-direct.com/acatalog/Sunnyside-Spencer-Academy.html
Sutton Cum Lound C of E Primary School,https://www.uniform-direct.com/acatalog/Sutton-Cum-Lound-C-of-E-Primary-School.html
Sutton On Trent Primary and Nursery School,https://www.uniform-direct.com/acatalog/Sutton-On-Trent-Primary-and-Nursery-School.html
Swinderby All Saints Primary School,https://www.uniform-direct.com/acatalog/Swinderby-All-Saints-Primary-School.html
Theddlethorpe Academy,https://www.uniform-direct.com/acatalog/Theddlethorpe-Academy.html
Uplands Infant School,https://www.uniform-direct.com/acatalog/Uplands-Infant-School.html
Uplands Junior LEAD Academy,https://www.uniform-direct.com/acatalog/Uplands-Junior-LEAD-Academy.html
The Vale Academy,https://www.uniform-direct.com/acatalog/The-Vale-Academy.html
Wellingborough Day Nursery,https://www.uniform-direct.com/acatalog/Willingborough-Day-Nursery-Uniform.html
Washingborough Academy,https://www.uniform-direct.com/acatalog/Washingborough-Academy.html
Waddingham Primary School,https://www.uniform-direct.com/acatalog/Waddingham-Primary-School.html
Waddington Redwood Primary School,https://www.uniform-direct.com/acatalog/Waddington-Redwood-Primary-School.html
Walkeringham Primary School,https://www.uniform-direct.com/acatalog/Walkeringham-Primary-School.html
Weelsby Academy,https://www.uniform-direct.com/acatalog/Weelsby-Academy.html
Welholme Academy,https://www.uniform-direct.com/acatalog/Welholme-Academy.html
Welton St Mary's C of E Academy,https://www.uniform-direct.com/acatalog/Welton-St-Mary-s-C-of-E-Primary.html
Westgate Academy,https://www.uniform-direct.com/acatalog/Westgate_Junior_School_Uniform.html
Whitehall Primary School,https://www.uniform-direct.com/acatalog/Whitehall-Primary-School.html
Whites Wood Academy,https://www.uniform-direct.com/acatalog/Whites-Wood-Academy.html
William Alvey School,https://www.uniform-direct.com/acatalog/William-Alvery-School.html
William Barcroft Junior School,https://www.uniform-direct.com/acatalog/William_Barcroft_Junior_School__.html
Willington Primary School,https://www.uniform-direct.com/acatalog/Willington-Primary-School.html
Willoughton Primary School,https://www.uniform-direct.com/acatalog/Willoughton-Primary-School.html
Willows Academy,https://www.uniform-direct.com/acatalog/Willows_Academy.html
Winchelsea Primary School,https://www.uniform-direct.com/acatalog/Winchelsea_Primary_School__.html
Wixams Tree Primary,https://www.uniform-direct.com/acatalog/Wixams-Tree-Primary.html
Woodlands Academy,https://www.uniform-direct.com/acatalog/Woodlands-Academy.html
Woodstock Primary Academy,https://www.uniform-direct.com/acatalog/Woodstock-Primary-Academy.html
Wren Park Primary School,https://www.uniform-direct.com/acatalog/Wren-Park-Primary-School.html
Wybers Wood Academy,https://www.uniform-direct.com/acatalog/Wybers_Wood_Academy_.html
Wyndham Spencer Academy,https://www.uniform-direct.com/acatalog/Wyndham-Primary-Academy.html
Yarborough Academy,https://www.uniform-direct.com/acatalog/Yarborough-Academy.html
Yew Tree Primary School,https://www.uniform-direct.com/acatalog/Yew-Tree-Primary-School.html
The Axholme Academy,https://www.uniform-direct.com/acatalog/The-Axholme-Academy-School-Uniform.html
Babington Academy,https://www.uniform-direct.com/acatalog/Babington-Academy.html
Barnes Wallis Academy,https://www.uniform-direct.com/acatalog/Barnes-Wallis-Academy.html
Beacon Academy,https://www.uniform-direct.com/acatalog/Beacon-Academy.html
Beaumont Leys School,https://www.uniform-direct.com/acatalog/Beaumont-Leys-School.html
Bemrose Secondary School,https://www.uniform-direct.com/acatalog/Bemrose-Primary-School-1.html
The Birley Academy,https://www.uniform-direct.com/acatalog/The-Birley-Academy-School-Uniform.html
Bourne Grammar School,https://www.uniform-direct.com/acatalog/Bourne-Grammar-School.html
Branston Community Academy,https://www.uniform-direct.com/acatalog/Branston_Community_College.html
Brookvale Groby Learning Campus,https://www.uniform-direct.com/acatalog/Brookvale-High-School.html.html
Brook Mead Academy,https://www.uniform-direct.com/acatalog/Brook-Mead-Academy.html
The Buckingham School,https://www.uniform-direct.com/acatalog/The-Buckingham-School.html
Caistor Yarborough Academy,https://www.uniform-direct.com/acatalog/Caistor-Yarborough-Academy-School-Uniform.html
Carre's Grammar School,https://www.uniform-direct.com/acatalog/Carre-s-Grammar-School-Uniform.html
Castle Mead Academy,https://www.uniform-direct.com/acatalog/Castle-Mead-Academy.html
Catmose College,https://www.uniform-direct.com/acatalog/Catmose-College.html
The Chalk Hills Academy,https://www.uniform-direct.com/acatalog/The-Chalk-hills-Academy.html
Christ's Hospital School,https://www.uniform-direct.com/acatalog/Christs-Hospital-School-Lincoln-Uniform.html
Christ's College Finchley,https://www.uniform-direct.com/acatalog/Christs-College-Finchley-School-Uniform.html
The City of Leicester College,https://www.uniform-direct.com/acatalog/The_City_of_Leicester_College.html
Cleethorpes Academy,https://www.uniform-direct.com/acatalog/Tollbar_Edge_Cleethorpes_Academy___TECA__.html
Crown Hills Community College,https://www.uniform-direct.com/acatalog/Crown-Hills.html
Da Vinci Academy,https://www.uniform-direct.com/acatalog/Da-Vinci-Community-School.html
De Aston School,https://www.uniform-direct.com/acatalog/De_Aston.html
Derby Moor Academy,https://www.uniform-direct.com/acatalog/Derby-Moor-Community-Sports-College.html
The Dukeries Academy,https://www.uniform-direct.com/acatalog/The-Dukeries.html
English Martyrs' Catholic School,https://www.uniform-direct.com/acatalog/English-Martyrs--Catholic-School.html
Frederick Gough School,https://www.uniform-direct.com/acatalog/Frederick-Gough-School.html
Fullhurst Community College,https://www.uniform-direct.com/acatalog/Fullhurst-Community-College.html
The Gainsborough Academy,https://www.uniform-direct.com/acatalog/The-Gainsborough-Academy.html
Havelock Academy School Uniform,https://www.uniform-direct.com/acatalog/Havelock-Academy-School-Uniform.html
The Hayfield School,https://www.uniform-direct.com/acatalog/The-Hayfield-School.html
Healing Academy,https://www.uniform-direct.com/acatalog/Healing-Science-Academy.html
Humberston Academy,https://www.uniform-direct.com/acatalog/Humberston_Academy.html
Huntcliff School,https://www.uniform-direct.com/acatalog/Huntcliff-School.html
John Port Spencer Academy,https://www.uniform-direct.com/acatalog/School_Uniform_Shop_John_Port_Spencer_Academy_1283.html
Kesteven and Sleaford High School,https://www.uniform-direct.com/acatalog/Kesteven_and_Sleaford_High_School.html
King Edward VI High School For Girls,https://www.uniform-direct.com/acatalog/King-Edward-VI-High-School-For-Girls.html
Kingsbury Green Academy,https://www.uniform-direct.com/acatalog/Kingsbury-Green-Academy.html
Kingsdown School,https://www.uniform-direct.com/acatalog/Kingsdown-School.html
The Lancaster Academy,https://www.uniform-direct.com/acatalog/The-Lancaster-Academy-School-Uniform.html
Landau Forte College,https://www.uniform-direct.com/acatalog/Landau-Forte-College.html
Lawn Manor Academy,https://www.uniform-direct.com/acatalog/Lawn-Manor-Academy-School-Uniform.html
Leicester College,https://www.uniform-direct.com/acatalog/Leicester-College.html
Littleover Community School ( LCS ),https://www.uniform-direct.com/acatalog/Littleover_Community_School.html
Lincoln Castle Academy,https://www.uniform-direct.com/acatalog/Lincoln_Castle_Academy.html
Looe Community Academy,https://www.uniform-direct.com/acatalog/Looe-Community-Academy.html
Louth Academy,https://www.uniform-direct.com/acatalog/Louth-Academy.html
Magnus Church of England Academy,https://www.uniform-direct.com/acatalog/Magnus-Church-of-England-Academy-School-Uniform.html
Moat Community College,https://www.uniform-direct.com/acatalog/Moat-Community-College-School-Uniform.html
Murray Park Community School,https://www.uniform-direct.com/acatalog/Murray-Park.html
New College Leicester,https://www.uniform-direct.com/acatalog/New-College-Leicester-School-Uniform.html
Noel Baker Academy,https://www.uniform-direct.com/acatalog/Noel-Baker-Academy-School-Uniform.html
North Kesteven Academy,https://www.uniform-direct.com/acatalog/North_Kesteven.html
Norton College,https://www.uniform-direct.com/acatalog/Norton-College.html
Oasis Academy Immingham,https://www.uniform-direct.com/acatalog/Oasis_Academy_Immingham_Uniform.html
Oasis Academy Wintringham,https://www.uniform-direct.com/acatalog/Oasis-Academy-Wintringham.html
Orchard Mead Academy,https://www.uniform-direct.com/acatalog/Orchard-Mead-Academy.html
Ormiston Maritime Academy,https://www.uniform-direct.com/acatalog/Ormiston-Maritime-Academy.html
The Priory Academy LSST,https://www.uniform-direct.com/acatalog/The-Priory-Academy-LSST-School-Uniform.html
The Priory Belvoir Academy,https://www.uniform-direct.com/acatalog/The-Priory-Belvoir-Academy.html
The Priory City of Lincoln Academy,https://www.uniform-direct.com/acatalog/Priory_City_of_Lincoln_Academy_School_Uniform.html
The Priory Pembroke Academy,https://www.uniform-direct.com/acatalog/The-Priory-Pembroke-Academy-School-Uniform.html
The Priory Ruskin Academy,https://www.uniform-direct.com/acatalog/The-Priory-Ruskin-Academy-grantham-School-Uniform.html
The Priory Witham Academy,https://www.uniform-direct.com/acatalog/Witham-Academy.html
Queen Elizabeth's Grammar School,https://www.uniform-direct.com/acatalog/Queen-Elizabeths-Grammar-School-Horncastle.html
Queen Elizabeth's High School (QEHS),https://www.uniform-direct.com/acatalog/Queen_Elizabeth_s_High_School_QEHS.html
Queen Elizabeth School,https://www.uniform-direct.com/acatalog/Queen-Elizabeth-School-luton.html
Retford Oaks Academy,https://www.uniform-direct.com/acatalog/Retford_Oaks_School.html
River Tees Academy,https://www.uniform-direct.com/acatalog/River-Tees-Academy.html
Rushey Mead Academy,https://www.uniform-direct.com/acatalog/Rushey-Mead-Academy.html
"Saint Benedict, A Catholic Voluntary Academy",https://www.uniform-direct.com/acatalog/Saint-Benedict--A-Catholic-Voluntary-Academy.html
Sandwell Valley School,https://www.uniform-direct.com/acatalog/Sandwell-Valley-School.html
Saracens High School,https://www.uniform-direct.com/acatalog/Saracens-High-School.html
Sir Robert Pattinson Academy,https://www.uniform-direct.com/acatalog/Sir-Robert-Pattinson.html
St. Peter & St. Paul Catholic High School,https://www.uniform-direct.com/acatalog/St_Peter_and_St_Pauls.html
Sir John Nelthorpe School,https://www.uniform-direct.com/acatalog/Sir-John-Nelthorpe.html
Sir William Robertson Academy,https://www.uniform-direct.com/acatalog/The-Sir-William-Robertson-High-School-Uniform.html
Soar Valley College,https://www.uniform-direct.com/acatalog/Soar-Valley-College.html
Somercotes Academy,https://www.uniform-direct.com/acatalog/Somercotes-Academy.html
The Stockwood Park Academy,https://www.uniform-direct.com/acatalog/The-Stockwood-Park-Academy.html
Sutton Community Academy,https://www.uniform-direct.com/acatalog/Sutton-Community-Academy.html
Waltham Toll Bar Academy,https://www.uniform-direct.com/acatalog/Tollbar_Academy.html
Tudor Grange Robert Smyth Academy,https://www.uniform-direct.com/acatalog/Tudor-Grange-Academy.html
UTC Lincoln,https://www.uniform-direct.com/acatalog/UTC-Lincoln.html
Welland Park Academy,https://www.uniform-direct.com/acatalog/Welland-Park-Academy.html
The Wensleydale School and Sixth Form,https://www.uniform-direct.com/acatalog/The-Wensleydale-School-and-Sixth-Form.html
Wigston Academy,https://www.uniform-direct.com/acatalog/Wigston-Academy.html
William Farr School,https://www.uniform-direct.com/acatalog/William-Farr-School-Uniform.html
Wixams Academy,https://www.uniform-direct.com/acatalog/Wixams-Academy-School-Uniform.html
St Clare's School,https://www.uniform-direct.com/acatalog/St-Clare-s-School.html
Mayflower Warren Wood School,https://www.uniform-direct.com/acatalog/School_Uniform_Shop_Mayflower_Warren_Wood_School_1368.html
Mayflower Aegir School,https://www.uniform-direct.com/acatalog/School_Uniform_Shop_Mayflower_Aegir_School_1745.html
Oaklands School,https://www.uniform-direct.com/acatalog/Oaklands-School-Uniform-Leicester.html
St Christopher's,https://www.uniform-direct.com/acatalog/St_Christopher_s.html
St Giles School,https://www.uniform-direct.com/acatalog/St-Giles-School.html
St Martins School,https://www.uniform-direct.com/acatalog/St-Martins-School.html
The St Francis Special School,https://www.uniform-direct.com/acatalog/School_Uniform_Shop_The_St_Francis_Special_School_882.html
